{"cameraMode":{"drawMode":0,"name":"Shaded","section":"Shading Mode"},"sceneLighting":true,"audioPlay":false,"sceneViewState":{"m_AlwaysRefresh":false,"showFog":true,"showSkybox":true,"showFlares":true,"showImageEffects":true,"showParticleSystems":true,"showVisualEffectGraphs":true,"m_FxEnabled":true},"in2DMode":false,"pivot":{"x":1285.7044677734375,"y":-229.0009765625,"z":-86.81980895996094},"rotation":{"x":0.050959788262844089,"y":-0.029334010556340219,"z":0.0015075464034453035,"w":0.9983447194099426},"size":843.4539794921875,"orthographic":true}