{"cameraMode":{"drawMode":0,"name":"Shaded","section":"Shading Mode"},"sceneLighting":true,"audioPlay":false,"sceneViewState":{"showFog":true,"showMaterialUpdate":false,"showSkybox":true,"showFlares":true,"showImageEffects":true,"showParticleSystems":true},"in2DMode":false,"pivot":{"x":2.449094295501709,"y":1.709621787071228,"z":-1.6158318519592286},"rotation":{"x":0.012490197084844113,"y":0.9745519161224365,"z":-0.21693554520606996,"w":0.0583416186273098},"size":0.4775679409503937,"orthographic":true}